티커	종목코드	유니버스	현재가	3M수익률(보조,%)	6M수익률(보조,%)	12M수익률(보조,%)	52주고점대비(보조,%)	40일이평(보조)	200일이평(보조)	40일선상회(보조)	200일선상회(보조)	추세판정(보조)	종목명	시장	통화	섹터	산업	업종	사업설명	시가총액	배당수익률(%)	EPS(FY)	EPS Growth 1Y(%)	EPS Growth 3Y CAGR(%)	EPS Growth 5Y CAGR(%)	현금및단기투자	장기부채	단기위험부채	총부채	주주지분	주당순현금(린치식)	주당잉여현금흐름	잉여현금흐름수익률(%)	순현금차감PER(린치식)	사용연성장률(%)	린치PER배수	배당감안점수	린치PER판정	배당감안점수판정	그레이엄적정PER(3년)	그레이엄내재가치(3년)	그레이엄괴리율(3년,%)	종합판정	데이터상태
0700.HK	0700.HK	China / Hong Kong	441.3999938964844	-17.0300763352473	-32.71341556456031		-34.84870938797279	483.16750183105466	576.9755003356934	N	N	주의	TENCENT	HKG	HKD	Communication Services	Internet Content & Information	Internet Content & Information	Tencent Holdings Limited, an investment holding company, provides value-added services, marketing services, fintech, and business services in Mainland China and internationally. The company's consumers business includes communications and social services, such as instant messaging and social networks; digital content, including online games, videos, live streaming, news, music, and literature; fintech services, which include mobile payment, wealth management, consumer loans, and securities tradi	3986950979584.0	1.2	27.81	15.854343468694765	6.10101407396777		712465000000.0	334573000000.0	53160000000.0	406399000000.0	1154152000000.0	41.83686204413523	21.054052194265136	4.769835180197728	14.367606323349484	6.10101407396777	2.3549538075406486	0.5081579986015167	매우 불리	불리(<1)	20.70202814793554	575.7234027940873	30.43122128567677	보류	충분
9988.HK	9988.HK	China / Hong Kong	127.0	-18.275415065590217	-21.604938271604933		-31.388440944201633	129.4799991607666	144.93800006866456	N	N	주의	BABA-W	HKG	HKD	Consumer Cyclical	Internet Retail	Internet Retail	Alibaba Group Holding Limited, through its subsidiaries, provides technology infrastructure and marketing reach to help merchants, brands, retailers, and other businesses in the People's Republic of China and internationally. It operates through the Alibaba China E-Commerce Group, Alibaba International Digital Commerce Group, Cloud Intelligence Group, and All Others segments. The Alibaba China E-commerce Group segment operates Taobao and Tmall, which are digital retail platforms; Taobao Instant 	2437520031744.0	81.0	6.34	-20.380603955145304	12.486072925161418		502258000000.0	231772000000.0	28224000000.0	281722000000.0	1060886000000.0	14.092897718088157	-2.642828626443896	-2.0809674223967685	17.80869121165802	12.486072925161418	1.426284414515206	5.249463411660654	보통	안심(>=2)	33.47214585032283	212.21340469104675	67.09716904806831	보류	충분
3690.HK	3690.HK	China / Hong Kong	81.3499984741211	-0.9738320595232053	-20.323212840458005		-45.18193947442724	84.32249946594239	96.66275016784668	N	N	주의	MEITUAN-W	HKG	HKD	Consumer Cyclical	Internet Retail	Internet Retail	Meituan operates as a technology driven retail company in the People's Republic of China, Hong Kong, Macao, Taiwan, and internationally. It operates through Core Local Commerce and New Initiatives segments. The company offers daily goods and services, such as food delivery, in-store, hotel and travel booking, and other services and sales; bike sharing, e-moped sharing, power banks and micro-credit; and operates Kuailv and Xiaoxiang Supermarkets. It also sells goods from B2B food distribution ser	502286057472.0		-4.51				226896042000.0	65904021000.0	14379078000.0	86619106000.0	151045913000.0	28.773081962634354	-4.8408568339735485	-5.950653871878698					판정불가	판정불가				보류	일부부족
9618.HK	9618.HK	China / Hong Kong	121.69999694824219	14.379694739611427	-2.1704216595809567		-14.775914322542372	118.30000019073486	118.69775047302247	Y	Y	상승전환/양호	JD-SW	HKG	HKD	Consumer Cyclical	Internet Retail	Internet Retail	JD.com, Inc. operates as a supply chain-based technology and service provider in the People's Republic of China and Europe. It operates through three segments: JD Retail, JD Logistics, and New Businesses. The company provides home appliances; mobile handsets and other digital products; computers, including desktop, laptop, and other various products, as well as printers and other office equipment; furniture and household goods; apparel; cosmetics and other personal care items; and pet products. 	332440731648.0	3.22	5.33	-52.53511932106676	23.66544269567723		288976000000.0	62473000000.0	11525000000.0	107105000000.0	225040000000.0	93.98950734042998	1.9947089521350574	1.6390377996339536	5.198966155311859	23.66544269567723	0.21968598779948076	5.17130558124676	매우 유망	안심(>=2)	55.83088539135446	297.57861913591927	144.51818126378143	매우 유망	충분
9999.HK	9999.HK	China / Hong Kong	181.5	-2.2617108332063096	-18.82826697420814		-26.339283889653686	178.23250045776368	205.40700004577636	Y	N	주의	NTES-S	HKG	HKD	Communication Services	Electronic Gaming & Multimedia	Electronic Gaming & Multimedia	NetEase, Inc. engages in online games, music streaming, online intelligent learning services, and internet content services businesses in China and internationally. The company operates through Games and Related Value-Added Services; Youdao; NetEase Cloud Music; and Innovative Businesses and Others segments. It develops and operates mobile and PC games; and offers games licensed from other developers. The company also provides live streaming service, and other related or ancillary value-added se	581449285632.0	2.49	12.18	13.67851196370724	18.404094603117294		278053666000.0	427997000.0	6384417000.0	6729742000.0	160296119000.0	86.66114128527116	15.197802250909037	8.373444766341068	7.786441602194486	18.404094603117294	0.4230820244140462	2.6833945042660594	매우 유망	안심(>=2)	45.30818920623459	551.8537445319373	204.05164987985523	매우 유망	충분
1810.HK	1810.HK	China / Hong Kong	30.0	-18.5667755815886	-31.034482758620683		-50.124689544533396	31.29549994468689	41.37409997940063	N	N	주의	XIAOMI-W	HKG	HKD	Technology	Consumer Electronics	Consumer Electronics	Xiaomi Corporation, an investment holding company, engages in the development and sales of smartphones in Mainland China and internationally. It operates through Smartphones, IoT and Lifestyle Products, Internet Services, and smart electric vehicles segments. The company also offers internet of things (IoT) and lifestyle products comprising smart large home appliances, smart TVs, tablets, wearables and other IoT and lifestyle products; hardware repairment services for products; installation serv	774165102592.0		1.8	76.02150314018954	156.2794016865734		188478801000.0	22921433000.0	13202226000.0	41837896000.0	266218661000.0	7.753745053721176	1.0009975174562127	3.336658391520709	12.359030525710457	156.2794016865734	0.07908291426977143	12.644956362998359	매우 유망	안심(>=2)	60.0	108.0	260.0	매우 유망	충분
9888.HK	9888.HK	China / Hong Kong	128.1999969482422	-5.596469759002154	1.584786092205892		-20.124612493307048	122.38749961853027	120.7489998626709	Y	Y	상승전환/양호	BIDU-SW	HKG	HKD	Communication Services	Internet Content & Information	Internet Content & Information	Baidu, Inc. provides internet content, value-added telecommunication-based, internet map, and online audio and video services in the People's Republic of China. It operates in two segments, Baidu General Business and iQIYI. The Baidu General Business segment offers products and services for mobile ecosystem, AI cloud, and intelligent driving. This segment operates Baidu App that enables users to access search, feed, content, and other services through mobile devices; and Haokan, which offers a r	348963143680.0		-0.15	-76.47727272727273	-9.574707672764294		205928000000.0	61102000000.0	28410000000.0	97077000000.0	266330000000.0	65.88987137071996	-7.474974014478953	-5.830713098610136		-9.574707672764294			판정불가	판정불가				보류	일부부족
1024.HK	1024.HK	China / Hong Kong	45.63999938964844	-33.323591783125	-33.950795372678265		-50.310288352908806	46.742749977111814	66.79029977798461	N	N	주의	KUAISHOU-W	HKG	HKD	Communication Services	Internet Content & Information	Internet Content & Information	Kuaishou Technology, an investment holding company, provides live streaming, online marketing, and other services in the People's Republic of China. It offers Kuaishou Flagship, a short video and content based social networking platform; Kuaishou Express; Kuaishou Concept; Yitian Camera, an app to create features Japanese-and-Korean-style filters and cute stickers; Kmovie, a shooting, editing, and production tool; and AcFun, a video sharing website. The company also provides entertainment, e-com	197953978368.0	1.51	4.87	21.402021519400073			113106000000.0	11098000000.0	13916000000.0	34953000000.0	79558000000.0	27.805141016785473	3.2093338790254897	7.031844701894093	3.662188577589931	21.402021519400073	0.17111414331913946	6.256374032622419	매우 유망	안심(>=2)	8.5	41.395	-9.30105049609452	양호	충분
1211.HK	1211.HK	China / Hong Kong	91.5999984741211	-6.2915616633032245	-10.894945763763975		-40.92863344258849	102.9275001525879	102.48250003814697	N	N	주의	BYD COMPANY	HKG	HKD	Consumer Cyclical	Auto Manufacturers	Auto Manufacturers	BYD Company Limited, together with its subsidiaries, engages in automobiles and batteries business in the People's Republic of China, Hong Kong, Macau, Taiwan, and internationally. It operates in two segments, Mobile Handset Components, Assembly Service and Other Products; and Automobiles and Related Products and Other Products. The Mobile Handset Components, Assembly Service and Other Products segment manufactures and sells mobile handset components, such as housings and electronic components, 	835135275008.0	44.0	2.24	-18.967701027859206	25.196441286638958		184489829000.0	65703479000.0	38484710000.0	119120640000.0	246274606000.0	32.249104088613784	-26.516889015583427	-28.94856927653225	26.495934993530046	25.196441286638958	1.0515744938782359	2.611587071886152	보통	안심(>=2)	58.892882573277916	131.92005696414253	44.01753183589048	보류	충분
2318.HK	2318.HK	China / Hong Kong	60.849998474121094	-13.503909319194463	-0.16407266212729033		-17.154525524350806	61.922500133514404	61.10475019454956	N	N	주의	PING AN	HKG	HKD	Financial Services	Insurance - Life	Insurance - Life	Ping An Insurance (Group) Company of China, Ltd. provides financial products and services in the People's Republic of China. It operates through Life and Health Insurance; Property and Casualty Insurance; Banking; Asset Management; and Finance Enablement segments. The company offers life insurance products, including term, whole-life, endowment, annuity, investment-linked, universal life, and health care and medical insurance; property and casualty insurance, such as auto insurance, non-auto ins	1101849952256.0	4.98	8.35	6.453829567085556	6.681286200386016		1018674000000.0	1345587000000.0	84520000000.0	1438514000000.0	1000419000000.0	-43.89521637208706	87.31390191516293	143.49039294108886	12.54433710733032	6.681286200386016	1.8775332669637115	0.9296056141198333	보통	불리(<1)	21.86257240077203	182.55247954644645	200.0040823732875	보류	충분
0939.HK	0939.HK	China / Hong Kong	8.770000457763672	10.175884619785268	4.156774089054149		-2.4471559394392384	8.646499979496003	7.986150000095368	Y	Y	상승전환/양호	CCB	HKG	HKD	Financial Services	Banks - Diversified	Banks - Diversified	China Construction Bank Corporation engages in the provision of various banking and related financial services to individuals and corporate customers in the People's Republic of China and internationally. It operates through Corporate Finance Business, Personal Finance Business, Treasury and Asset Management Business, and Others segments. The company offers corporate and personal loans; trade financing; deposit taking and wealth management, agency, financial consulting and advisory, cash managem	2294235529216.0	4.95	1.5	0.9920226952383482	1.4347942111190504		4254869000000.0	0.0	0.0	3093481000000.0	3663411000000.0	17.69784723548096	8.641964734641563	98.54007164835706	-5.951897851811526	1.4347942111190504	-4.1482588971204555		판정불가	판정불가	11.3695884222381	17.05438263335715	94.46273367363057	보류	충분
1398.HK	1398.HK	China / Hong Kong	6.849999904632568	6.8642756270594685	4.261791866900166		-5.647387208311628	6.952249991893768	6.3220999765396115	N	Y	상승전환/양호	ICBC	HKG	HKD	Financial Services	Banks - Diversified	Banks - Diversified	Industrial and Commercial Bank of China Limited, together with its subsidiaries, provides banking products and services in the People's Republic of China and internationally. It operates through Corporate Banking, Personal Banking, and Treasury Operations segments. The Corporate Banking segment offers corporate loans, trade financing, deposit-taking activities, corporate wealth management services, custody services, and various types of corporate intermediary services, as well as corporate loans	2441382985728.0	5.11	1.16	0.7377078305267348	0.6811562101320723		5268700000000.0	0.0	0.0	2751358000000.0	4244259000000.0	60.703473692423984	21.341222310857273	311.55069500693673	-46.42540843775122	0.6811562101320723	-68.15677189340988		판정불가	판정불가	9.862312420264145	11.440282407506407	67.01142433256808	보류	충분
3988.HK	3988.HK	China / Hong Kong	5.230000019073486	12.473116383027172	10.105263559441813		-1.1342144274519739	5.097250008583069	4.608749997615814	Y	Y	상승전환/양호	BANK OF CHINA	HKG	HKD	Financial Services	Banks - Diversified	Banks - Diversified	Bank of China Limited, together with its subsidiaries, provides various banking and financial services in Chinese Mainland, Hong Kong, Macao, Taiwan, and internationally. The company operates through six segments: Corporate Banking, Personal Banking, Treasury Operations, Investment Banking, Insurance, and Other. The Corporate Banking segment provides current accounts, deposits, overdrafts, loans, payments and settlements, trade-related products, and other credit facilities, as well as foreign cu	1685170814976.0	4.84	0.85	2.1779255889438742	2.3712026525481544		4330456000000.0	0.0	0.0	2782404000000.0	3064044000000.0	51.78591383406694	9.097539947447396	173.94913794013826	-54.771663311757	2.3712026525481544	-23.09868507143326		판정불가	판정불가	13.242405305096309	11.256044509331863	115.22073553120009	보류	충분
0941.HK	0941.HK	China / Hong Kong	85.5	9.335042629975332	-2.6750125383477985		-5.368011683486939	83.01874980926513	83.78949996948242	Y	Y	상승전환/양호	CHINA MOBILE	HKG	HKD	Communication Services	Telecom Services	Telecom Services	China Mobile Limited provides communication, computing, and AI services in Mainland China and Hong Kong. It offers communications services, including mobile communications, broadband networks, cellular IoT, and satellite Internet; computing services comprising data centers, cloud computing services, and cloud computing applications; and AI services, such as data algorithms, embodied intelligence, digital intelligence culture, digital intelligence e-commerce, and industry digital intelligence ser	1850613956608.0	5.89	7.25	-0.9235905848684389	3.000641948799565		520239000000.0	9748000000.0	42507000000.0	101197000000.0	1428475000000.0	24.61165600002836	3.6625489636646966	4.283682998438241	8.398392275858157	3.000641948799565	2.7988651825713537	1.0586123696979979	매우 불리	보통(1~1.5)	14.50128389759913	105.13430825759369	22.964103225255773	보류	충분
0883.HK	0883.HK	China / Hong Kong	27.440000534057617	13.201323404104315	22.06406180081204		-10.03278513423732	27.473499965667724	22.783949966430665	N	Y	상승전환/양호	CNOOC	HKG	HKD	Energy	Oil & Gas E&P	Oil & Gas E&P	CNOOC Limited, an investment holding company, engages in the exploration, development, production, and sale of crude oil and natural gas in worldwide. The company produces offshore crude oil and natural gas primarily in Bohai Sea, the Western South China Sea, the Eastern South China Sea, and the East China Sea in China. It also holds interests in various oil and gas assets in Asia, Africa, North America, South America, Oceania, and Europe. In addition, the company is involved in the sales and tr	1304221974528.0	4.66	2.96	-11.493736225495887	-4.845953497090038		402707000000.0	58832000000.0	1308000000.0	69800000000.0	802750000000.0	7.72059621174125	2.1887539451661775	7.9765083912792525	6.6619609197014755	-4.845953497090038		-0.027912727098130544	판정불가	불리(<1)	0.0	0.0	-100.0	보류	일부부족
0857.HK	0857.HK	China / Hong Kong	10.829999923706055	19.668504922171227	20.870534348187554		-9.9750609800617	10.984500050544739	8.897900032997132	N	Y	상승전환/양호	PETROCHINA	HKG	HKD	Energy	Oil & Gas Integrated	Oil & Gas Integrated	PetroChina Company Limited, together with its subsidiaries, engages in a range of petroleum related products, services, and activities in Mainland China and internationally. It operates through the Oil and Gas and New Energy; Refining, Chemicals and New Materials; Sales; and Natural Gas Sales Segments. The Oil, Gas and New Energy Resource segment engages in the exploration, development, transportation, production, and marketing of crude oil and natural gas, as well as is involved in the new ener	1982117183488.0	4.84	1.0	-4.477883844640385	1.8835578227509364		251258000000.0	163462000000.0	34513000000.0	353775000000.0	1586061000000.0	4.161164800060667	5.674276858035253	52.39406184680286	6.668835123645388	1.8835578227509364	3.5405523754537853	1.0082057357980738	매우 불리	보통(1~1.5)	12.267115645501873	12.267115645501873	13.26976668439379	보류	충분
0386.HK	0386.HK	China / Hong Kong	4.429999828338623	-17.504656932084718	-0.22523037731887463		-21.731449686096237	4.5787499904632565	4.582149987220764	N	N	주의	SINOPEC CORP	HKG	HKD	Energy	Oil & Gas Integrated	Oil & Gas Integrated	China Petroleum & Chemical Corporation, an energy and chemical company, engages in the oil and gas and chemical operations in Mainland China. It operates through Exploration and Production, Refining, Marketing and Distribution, Chemicals, and Corporate and Others segments. The company explores and develops oil fields; produces and sells crude oil and natural gas; processes, purifies, imports, and trades in crude oil; manufactures, produces, sells, stores, and trades in petroleum products; owns a	535699980288.0	5.82	0.31	-33.63983734853593	-21.420834213525552		231381000000.0	235264000000.0	120256000000.0	531006000000.0	827463000000.0	-0.16327062230528314	1.2139547093937237	27.403041905963043	14.817001453690022	-21.420834213525552		-1.0529009032148218	판정불가	불리(<1)	0.0	0.0	-100.0	보류	일부부족
0005.HK	0005.HK	China / Hong Kong	143.89999389648438	6.042739228188609	25.896754203342386		-2.3082206957448337	137.70750007629394	119.80399990081787	Y	Y	상승전환/양호	HSBC HOLDINGS	HKG	HKD	Financial Services	Banks - Diversified	Banks - Diversified	HSBC Holdings plc engages in the provision of banking and financial products and services worldwide. It operates through four segments: Hong Kong, UK, Corporate and Institutional Banking, and International Wealth and Premier Banking. The Hong Kong segment is involved in the retail banking and wealth and commercial banking of HSBC Hong Kong and Hang Seng Bank. The UK segment engages in UK retail banking and wealth, as well as first direct and M&S Bank, UK Commercial Banking, and HSBC Innovation B	2467626745856.0	4.07	9.48	-7.064514783769127	12.722423966662477		307737000000.0	0.0	0.0	256139000000.0	198225000000.0	17.94572543253067	1.4640015239756103	1.0173742780202977	13.286315238813682	12.722423966662477	1.0443226285831073	1.2638887204487141	보통	보통(1~1.5)	33.94484793332495	321.79715840792056	123.62555389641501	보류	충분
1299.HK	1299.HK	China / Hong Kong	86.05000305175781	7.160647299469969	2.25787461845095		-5.387569060912522	85.64374961853028	80.3057500076294	Y	Y	상승전환/양호	AIA	HKG	HKD	Financial Services	Insurance - Life	Insurance - Life	AIA Group Limited, together with its subsidiaries, provides life insurance based financial services in Hong Kong. The company offers life insurance, accident, and health insurance and savings plans; and employee benefits, credit life, and pension services to corporate clients. It is also involved in the distribution of investment and other financial services products. It sells its products through a network of agents and partners in Mainland China, Macau, Thailand, Singapore, Malaysia, Australia	893046685696.0	2.24	4.62	-8.806319485078994	23.234050071757984		221334000000.0	14245000000.0	0.0	14671000000.0	43245000000.0	19.95417392610805	0.6469311442900851	0.7518083920356929	14.30645652070341	23.234050071757984	0.6157538817605261	1.780598154049784	헐값	양호(>=1.5)	54.96810014351597	253.95262266304377	195.12215416226658	양호	충분
0388.HK	0388.HK	China / Hong Kong	409.20001220703125	0.9871668014551416	-6.275765807018329		-11.581671780405312	410.0300018310547	421.9100006103516	N	N	주의	HKEX	HKG	HKD	Financial Services	Financial Data & Stock Exchanges	Financial Data & Stock Exchanges	Hong Kong Exchanges and Clearing Limited, together with its subsidiaries, owns and operates stock and futures exchanges, and related clearing houses in Hong Kong, the United Kingdom, and Mainland China. It operates through Cash, Equity and Financial Derivatives, Commodities, and Data and Connectivity segments. The Cash segment covers various equity products traded on the cash market platforms of the Stock Exchange of Hong Kong Limited, as well as through the Shanghai-Hong Kong and the Shenzhen-H	517241536512.0	3.19	14.89	36.04597701149426	20.77414004603453		453788000000.0	61000000.0	430000000.0	851000000.0	58147000000.0	358.9524103091035	18.903016333446587	4.619505320024958	3.3745870985848034	20.77414004603453	0.16244172279126237	7.101354727541139	매우 유망	안심(>=2)	50.04828009206906	745.2188905709082	82.11604798141381	매우 유망	충분
2382.HK	2382.HK	China / Hong Kong	73.25	28.17147514305949	4.717660036782512		-19.416943046864542	62.684999752044675	68.73000013351441	Y	Y	상승전환/양호	SUNNY OPTICAL	HKG	HKD	Technology	Electronic Components	Electronic Components	Sunny Optical Technology (Group) Company Limited, an investment holding company, engages in designing, researching, developing, manufacturing, and selling optical and optical related products, and scientific instruments. It operates through Optical Components, Optoelectronic Products, and Optical Instruments segments. The Optical Components segment offers vehicle lens sets and optical parts for vehicle light detection and ranging, handset lens sets, glass spherical and aspherical lenses for digi	78683308032.0	1.65	4.89	71.87231282040072	24.433762661282877		38549973000.0	1405760000.0	4655009000.0	6244099000.0	29148588000.0	34.57930031499529	2.931125362464284	4.0015363310092615	7.90811854499074	24.433762661282877	0.32365537206112527	3.2983525111425123	매우 유망	안심(>=2)	57.367525322565754	280.5271988273465	282.97228508852766	매우 유망	충분
9868.HK	9868.HK	China / Hong Kong	62.599998474121094	-9.73323741675186	-40.88763213206993		-42.30414887177779	65.03249950408936	76.79949998855591	N	N	주의	XPENG-W	HKG	HKD	Consumer Cyclical	Auto Manufacturers	Auto Manufacturers	XPeng Inc. designs, develops, manufactures, and markets smart electric vehicles (EVs) in the People's Republic of China. The company offers P7 and P7i, a four-door sports sedan; G9, a smart EV and a mid- to large-sized sport utility vehicle (SUV); G7 for families and individual consumers seeking advanced technology and comfort; G6, a smart EV and a coupe SUV; X9, Smart EV and a large seven-seater multi-purpose vehicle (MPV); MONA M03, an all-electric hatchback coupe; Next P7, an all-new coupe sp	119659986944.0		-0.69				52582500000.0	6755098000.0	7309923000.0	19553678000.0	30368590000.0	29.32403614712095	3.1427525056640224	5.020371537170627					판정불가	판정불가				판정불가	일부부족
2015.HK	2015.HK	China / Hong Kong	61.79999923706055	-14.522826239966502	-21.920406764800372		-50.3614463959353	70.16999979019165	77.41525007247925	N	N	주의	LI AUTO-W	HKG	HKD	Consumer Cyclical	Auto Manufacturers	Auto Manufacturers	Li Auto Inc. operates in the energy vehicle market in the People's Republic of China. The company designs, develops, manufactures, and sells premium smart electric vehicles. Its product line comprises multi-purpose vehicles and sport utility vehicles. The company offers sales and after sales management, and technology development and corporate management services, as well as manufacturing equipment. It offers its products through online and offline channels. The company was formerly known as Lea	125893574656.0		0.62	-86.00113291875977			145354579000.0	3299203000.0	6217745000.0	17814767000.0	72619255000.0	84.45561305908038	-7.619988485303859	-12.33007860740274	-36.541312616161015	-86.00113291875977			판정불가	판정불가	8.5	5.27	-91.47249180411048	보류	일부부족
9866.HK	9866.HK	China / Hong Kong	42.779998779296875	8.413582797397034	-16.117649452359075		-30.098042081720166	48.49525022506714	45.475150165557864	N	N	주의	NIO-SW	HKG	HKD	Consumer Cyclical	Auto Manufacturers	Auto Manufacturers	NIO Inc. designs, develops, manufactures, and sells smart electric vehicles in China, Europe, and internationally. It offers five and six-seater electric SUVs, as well as smart electric sedans. The company also offers power solutions, including Power Home, a home charging solution; Power Swap, a battery-swapping service; Power Charger and Destination Charger; Power Mobile, a mobile charging service through charging vans; Power Map, an application that provides access to a network of public charg	107770306560.0		-4.33				12045850000.0	8626272000.0	5347881000.0	31263135000.0	4159460000.0	1.4507151882256395	-1.3035198487517274	-3.0470310564444385					판정불가	판정불가				보류	일부부족
0981.HK	0981.HK	China / Hong Kong	79.8499984741211	13.503909319194452	5.621693235159042		-12.300938168305187	64.10875024795533	67.39354986190796	Y	Y	상승전환/양호	SMIC	HKG	HKD	Technology	Semiconductors	Semiconductors	Semiconductor Manufacturing International Corporation, an investment holding company, engages in the manufacture, testing, and sale of integrated circuits wafer and various compound semiconductors in the United States, China, and Eurasia. The company is also involved in the manufacturing, sale, and trading of semiconductor products; and research and development activities. In addition, it offers semiconductor foundry and technology services; supporting services comprising design and IP support, 	639847956480.0		0.7	39.04287790107723	-27.767740812712226		14935414000.0	9994773000.0	2593077000.0	12596181000.0	21439670000.0	0.821583099937418	-0.866236667172296	-1.084829910739495	112.89773624883384	-27.767740812712226		-0.24595480596271965	판정불가	불리(<1)	0.0	0.0	-100.0	보류	일부부족
1347.HK	1347.HK	China / Hong Kong	130.10000610351562	31.746841623813292	65.41640633116539		-7.991505149032186	105.8162504196167	82.51805015563964	Y	Y	상승전환/양호	HUA HONG SEMI	HKG	HKD	Technology	Semiconductors	Semiconductors	Hua Hong Semiconductor Limited, an investment holding company, engages in the manufacture and sale of semiconductor products in China, North America, Asia, and Europe. The company offers embedded non-volatile memory; standalone non-volatile memory, including NOR flash and EEPROM; power discrete devices; analog and power management platform; and specialty logic RF processes and image sensors. It also provides design services which covers design methodologies and design flow support, standard and 	226063613952.0	0.8339738271316504	0.25	-5.5534521924692	-50.40573254396763		4893808000.0	2787096000.0	403748000.0	3209752000.0	6612663000.0	1.5841557439391858	-0.8751683112652993	-0.6726889086914886	514.0634014383057	-50.40573254396763		-0.09643121564020782	판정불가	불리(<1)	0.0	0.0	-100.0	보류	일부부족
1876.HK	1876.HK	China / Hong Kong	7.099999904632568	-10.579346933681865	-13.625308102344801		-19.864557790566874	7.583500039577484	7.928900005817414	N	N	주의	BUD APAC	HKG	HKD	Consumer Defensive	Beverages - Brewers	Beverages - Brewers	Budweiser Brewing Company APAC Limited, an investment holding company, engages in brewing and distribution of beer in South Korea, Japan, New Zealand, China, India, Vietnam, Southeast Asia, and internationally. It brews, imports, markets, distributes, and sells a portfolio of beer brands, including Budweiser, Stella Artois, Corona, Harbin, Hoegaarden, and Cass. The company was founded in 1876 and is headquartered in Causeway Bay, Hong Kong. Budweiser Brewing Company APAC Limited operates as a su	93931356160.0	6.23	0.29	-32.64462809917356	-18.789404729568137		2970000000.0	77000000.0	178000000.0	277000000.0	10262000000.0	0.21867350814101938	0.04867809859758607	0.6856070317103082	23.728711712039825	-18.789404729568137		-0.5292914711082085	판정불가	불리(<1)	0.0	0.0	-100.0	보류	일부부족
0020.HK	0020.HK	China / Hong Kong	1.7699999809265137	-32.95454884117286	-20.62780422477719		-38.754328142655815	1.9547499895095826	2.1873000025749207	N	N	주의	SENSETIME-W	HKG	HKD	Technology	Software - Application	Software - Application	SenseTime Group Inc., an investment holding company, research, develops and sells artificial intelligence software platforms in Mainland China, Northeast Asia, Southeast Asia, and internationally. The company offers SenseFoundry Enterprise Platform that facilitate and accelerate the digital transformation of enterprise customers; SenseFoundry Platform for smart city management; SenseME that enables a range of IoT devices to facilitate perceptial intelligence and content enhancement; SenseMARS, a	71714365440.0		-0.06				16596316000.0	3710335000.0	2014279000.0	5962982000.0	26718959000.0	0.3220952009870681	-0.09470465227907975	-5.350545384159055					판정불가	판정불가				보류	일부부족
2269.HK	2269.HK	China / Hong Kong	32.720001220703125	-18.19999694824219	-5.104403552492198		-22.42768851595254	34.00900020599365	35.197150011062625	N	N	주의	WUXI BIO	HKG	HKD	Healthcare	Biotechnology	Biotechnology	WuXi Biologics (Cayman) Inc., an investment holding company, provides end-to-end solutions and services for biologics discovery, development, and manufacturing for biologics industry in the People's Republic of China, North America, Europe, Singapore, Japan, South Korea, Australia, and Brazil. It operates through two segments: Biologics and XDC. The company provides a suite of solutions for biologic discovery, from concept to IND, that seamlessly transits to CMC and downstream process developmen	135250706432.0		1.33	46.25222096844504	3.552720117093622		22251738000.0	169381000.0	873517000.0	3104066000.0	47248676000.0	5.3421881934641995	0.6302535869779441	1.9262028223249572	20.58482182499167	3.552720117093622	5.794101743604706	0.1725893062032884	매우 불리	불리(<1)	15.605440234187244	20.755235511469035	-36.5671309989547	보류	충분
2388.HK	2388.HK	China / Hong Kong	48.15999984741211	11.275418682427496	21.30982096194365		0.0	44.45800018310547	39.93920009613037	Y	Y	상승전환/양호	BOC HONG KONG	HKG	HKD	Financial Services	Banks - Regional	Banks - Regional	BOC Hong Kong (Holdings) Limited, an investment holding company, provides banking and related financial services to corporate and individual customers in Hong Kong, China, and internationally. The company operates through four segments: Personal Banking, Corporate Banking, Treasury, and Insurance. It offers savings, current, and time deposit accounts, as well as monthly deposit plans; mortgage plans; corporate deposits, and payroll and e-cheque services. The company also offers cross-border fina	509185097728.0	7.36	3.8	4.938142442392701	13.652075841362565		678118000000.0	0.0	0.0	88602000000.0	358528000000.0	64.13809640787629	-8.378874597903234	-17.397995482662935	-4.204762252753732	13.652075841362565	-0.30799435203943826		판정불가	판정불가	35.804151682725134	136.0557763943555	182.50784224549054	보류	충분
600519.SS	600519.SS	China / Hong Kong	1285.8800048828125	-14.521412027504265	-12.235608404876007		-17.306752097568324	1398.290753173828	1432.3492022705077	N	N	주의	KWEICHOW MOUTAI	SHH	CNY	Consumer Defensive	Beverages - Wineries & Distilleries	Beverages - Wineries & Distilleries	Kweichow Moutai Co., Ltd., together with its subsidiaries, produces and sells liquor products in China and internationally. The company offers liquor and soy sauce products under the Kweichow Moutai, Moutai Wangzi liquor, Moutai 1935 liquor, Han Jiang liquor, and Lai Mao liquor brands. It also engages in the production and sale of beverage, food, and packaging materials; development of anti-counterfeiting technology; research and development of information industry related products; operation an	1610269196288.0	4.0	66.06	-4.532254817158088	9.489481701387037		51939124226.5	0.0	44206237.05	233711179.82	244637811032.18	41.47597188239441	46.630998145188656	3.626387996400825	18.83748157736025	9.489481701387037	1.9850906688198637	0.7160979372953609	보통	불리(<1)	27.478963402774074	1815.2603223872554	41.168718348076936	보류	충분
601318.SS	601318.SS	China / Hong Kong	54.220001220703125	-19.674072265624996	-9.678490216124247		-27.045207961055596	57.56700010299683	60.705000171661375	N	N	주의	PING AN INSURANCE(GROUP)CO.OF C	SHH	CNY	Financial Services	Insurance - Life	Insurance - Life	Ping An Insurance (Group) Company of China, Ltd. provides financial products and services in the People's Republic of China. It operates through Life and Health Insurance; Property and Casualty Insurance; Banking; Asset Management; and Finance Enablement segments. The company offers life insurance products, including term, whole-life, endowment, annuity, investment-linked, universal life, and health care and medical insurance; property and casualty insurance, such as auto insurance, non-auto ins	981796388864.0	5.03	7.25	6.453829567085556	6.681286200386016		1018674000000.0	1345587000000.0	84520000000.0	1438514000000.0	1000419000000.0	-30.66707355486415	61.00122231308144	112.50686267006023	11.708562038009278	6.681286200386016	1.752441324446303	1.0002326641280026	보통	보통(1~1.5)	21.86257240077203	158.50364990559723	192.33427948554694	보류	충분
600036.SS	600036.SS	China / Hong Kong	36.939998626708984	-6.243661938830458	-13.952950467937974		-23.424549458093956	38.78000011444092	41.01609994888306	N	N	주의	CHINA MERCHANTS BANK CO LTD	SHH	CNY	Financial Services	Banks - Regional	Banks - Regional	China Merchants Bank Co., Ltd., together with its subsidiaries, provides various banking products and services. It operates through Wholesale Finance Business, Retail Finance Business, and Other Business segments. It offers current, demand, time, call, savings, notice, and renminbi accounts. The company also offers loan products include personal commercial real estate, consumption, housing, and car loans; loans to finance for studying abroad; micro-business loans; mortgage loans for equipment; j	931621109760.0	8.14	5.71	1.2062726176115701	2.8567302131919714		1321522000000.0	0.0	0.0	405441000000.0	1272875000000.0	64.06154248698326	20.520487679675256	55.550862053465764	-4.749832549960468	2.8567302131919714	-1.6626815259020333		판정불가	판정불가	14.213460426383943	81.15885903465231	119.70455347004658	보류	충분
601012.SS	601012.SS	China / Hong Kong	14.850000381469727	-20.11834179892421	-28.571429882050815		-34.868417200069004	16.887000012397767	18.002850041389465	N	N	주의	LONGI GREEN ENERGY TECHNOLOGY C	SHH	CNY	Technology	Semiconductor Equipment & Materials	Semiconductor Equipment & Materials	LONGi Green Energy Technology Co., Ltd. manufactures and sells monocrystalline silicon wafers, solar modules, and green hydrogen equipment in China, Europe, the Asia Pacific, and the United States. The company offers monocrystalline silicon wafers, including tere, p-type, and n-type silicon wafers; high conversion rate components comprising Hi-MO X10, Hi-MO 9, Hi-MO 7, Hi-MO X6 Max, Hi-MO X6, Hi-MO 5m, and Hi-MO 5; green hydrogen production equipment that include ALK Hi1 and ALK G; and building 	112534282240.0	6.450215322521085	-0.91				56023052877.85	16335318135.43	300193416.63	35325725056.02	54275611054.63	5.237185108606886	-0.20250417079235428	-1.3636644147500832					판정불가	판정불가				보류	일부부족
300750.SZ	300750.SZ	China / Hong Kong	402.8800048828125	9.47826219641643	4.270407317015379		-12.417390242866844	423.0882514953613	367.89185028076173	N	Y	상승전환/양호	CONTEMPORARY AMPEREX TECHNOLOGY	SHZ	CNY	Industrials	Electrical Equipment & Parts	Electrical Equipment & Parts	Contemporary Amperex Technology Co., Limited, together with its subsidiaries, engages in the research, development, production, and sale of electric vehicle and energy storage system batteries in China and internationally. The company offers power battery systems, including cells, modules/battery boxes, and battery packs, as well as lithium iron phosphate, ternary high-voltage medium-nickel, ternary high-nickel, super hybrid, sodium-ion, and condensed matter batteries; energy storage battery sys	1863928119296.0	1.35	17.56	42.283445583519466	32.94277002353567		451499983000.0	81678369000.0	12935498000.0	119656488000.0	337107747000.0	83.89384850557329	20.615044565609782	5.116919260266136	18.165498654740276	32.94277002353567	0.5514259621082894	1.887796788588955	헐값	양호(>=1.5)	60.0	1053.6	161.5170738757475	양호	충분
000858.SZ	000858.SZ	China / Hong Kong	84.13999938964844	-20.652585191247496	-30.104667461886457		-35.24205023269273	97.21199932098389	111.69484985351562	N	N	주의	WULIANGYE YIBIN CO. LTD.	SHZ	CNY	Consumer Defensive	Beverages - Wineries & Distilleries	Beverages - Wineries & Distilleries	Wuliangye Yibin Co.,Ltd. manufactures and sells liquor and wine products and related auxiliary products under the Wuliangye brand in China. The company's Wuliangye products include eighth-generation Wuliangye, 39 -degree Wuliangye, classic Wuliangye, 29 -degree Wuliangye, etc. It also offers other alcoholic beverage products, such as Wuliangchun, Wuliangchun, Wuliangtequ, Jianzhuang, etc. The company was founded in 1997 and is headquartered in Xuzhou, China.	326598492160.0	6.84	3.24	-71.88896273061067	-30.51456952275814		127014443016.86	0.0	364149470.84	408530653.28	119932271234.99	32.72212002171507	7.1462271736452685	8.493257933781793	15.86971585430042	-30.51456952275814		-1.4918080285818565	판정불가	불리(<1)	0.0	0.0	-100.0	보류	일부부족
002594.SZ	002594.SZ	China / Hong Kong	95.95999908447266	3.987863409033121	-1.8512811913061533		-24.440945602777433	100.73225078582763	100.54443325042725	N	N	주의	BYD COMPANY LIMITED	SHZ	CNY	Consumer Cyclical	Auto Manufacturers	Auto Manufacturers	BYD Company Limited, together with its subsidiaries, engages in automobiles and batteries business in the People's Republic of China, Hong Kong, Macau, Taiwan, and internationally. It operates in two segments, Mobile Handset Components, Assembly Service and Other Products; and Automobiles and Related Products and Other Products. The Mobile Handset Components, Assembly Service and Other Products segment manufactures and sells mobile handset components, such as housings and electronic components, 	874886266880.0	1.41	1.95	-18.967701027859206	25.196441286638958		184489829000.0	65703479000.0	38484710000.0	119120640000.0	246274606000.0	21.86065060007439	-17.97496278277345	-18.73172462929086	37.99966588943501	25.196441286638958	1.5081362267450553	0.7001756637559361	보통	불리(<1)	58.892882573277916	114.84112101789194	19.67603388240804	보류	충분
300760.SZ	300760.SZ	China / Hong Kong	153.6300048828125	-18.80450323373253	-26.210371212923512		-38.11231006960193	162.00475006103517	201.14310028076173	N	N	주의	SHENZHEN MINDRAY BIO-MEDICAL EL	SHZ	CNY	Healthcare	Medical Devices	Medical Devices	Shenzhen Mindray Bio-Medical Electronics Co., Ltd. provides medical devices and solutions in China and internationally. The company offers various products, including patient monitoring, ultrasound, radiology, AED, defibrillation system, anesthesia, CLIA, chemistry, hematology, ventilators, electrocardiograph, endoscope camera system, operating tables, surgical lights, medical supply units, accessories, infusion system, orthopedics, IT Products, cardiovascular intervention, animal medical, and O	186267369472.0	3.53	6.47	-30.275662177520644	-5.39056908556913		18191343800.0	4062631.0	328106.0	349283522.0	38093330471.0	15.000544569826854	6.6866938378384	4.352466071285324	21.426500821172436	-5.39056908556913		-0.0868349480439019	판정불가	불리(<1)	0.0	0.0	-100.0	보류	일부부족
603501.SS	603501.SS	China / Hong Kong	108.94000244140625	-7.119105131676817	-12.208876092825182		-27.935434437422867	98.18500003814697	120.64380012512207	Y	N	주의	OMNIVISION INTEGRATED CIRCUITS 	SHH	CNY	Technology	Semiconductors	Semiconductors	OmniVision Integrated Circuits Group, Inc., together with its subsidiaries, engages in the design, development, and sale of integrated circuits and computer software and hardware in China and internationally. It operates in two segments, Semiconductor Design and Electronic Components Agency. The company offers image sensors, application-specific integrated circuits, camera cube chips, liquid crystal on silicon, display solutions, in-system programming, and cable modules. It also provides semicon	137395183616.0	59.0	3.04	21.730996944226554	59.85671328521085		13072154645.060001	1617721215.79	2078985512.66	9796924850.61	28172055029.35	9.462880618100037	1.4730734618476904	1.352187836272528	32.722737441877044	59.85671328521085	0.5466845011345125	3.632236254571524	헐값	안심(>=2)	60.0	182.4	67.43160998009384	양호	충분
688981.SS	688981.SS	China / Hong Kong	156.0	35.64037657804447	30.402076052495186		0.0	110.9352502822876	113.93790004730225	Y	Y	상승전환/양호	SEMICONDUCTOR MANUFACTURING INT	SHH	CNY	Technology	Semiconductors	Semiconductors	Semiconductor Manufacturing International Corporation, an investment holding company, engages in the manufacture, testing, and sale of integrated circuits wafer and various compound semiconductors in the United States, China, and Eurasia. The company is also involved in the manufacturing, sale, and trading of semiconductor products; and research and development activities. In addition, it offers semiconductor foundry and technology services; supporting services comprising design and IP support, 	1250047426560.0		0.62	39.04287790107723	-27.767740812712226		14935414000.0	9994773000.0	2593077000.0	12596181000.0	21439670000.0	2.4708609402945965	-2.60515381357045	-1.6699703933143912	247.62764364468615	-27.767740812712226		-0.11213506054499862	판정불가	불리(<1)	0.0	0.0	-100.0	보류	일부부족
600183.SS	600183.SS	China / Hong Kong	116.5199966430664	73.34125933811997	101.38263984432135		0.0	74.8332498550415	61.989500007629395	Y	Y	상승전환/양호	SHENGYI TECHNOLOGY CO LTD	SHH	CNY	Technology	Electronic Components	Electronic Components	Shengyi Technology Co.,Ltd. engages in the design, production, and sales of copper clad laminates, bonding sheets, and printed circuit boards in China and internationally. The company offers flame-retardant epoxy glass fabric reinforced laminates, composite epoxy materials, and flexible circuit materials, as well as prereg for multilayer circuit boards; and smart and rigid materials, automotive and RF materials, IMS and HTC materials, IC substrate and flexible materials, HSD materials, and speci	283040972800.0	93.0	1.62	91.75319663725077	29.622792505245087		3239977726.09	902984683.16	2304818271.34	3676930770.8	16723501226.33	0.962074242411724	1.1930143211125952	1.0238708852413843	71.33205086460164	29.622792505245087	2.408012372634059	1.7190420157412907	매우 불리	양호(>=1.5)	60.0	97.2	-16.58084208691577	보류	충분
000725.SZ	000725.SZ	China / Hong Kong	5.269999980926514	22.843823491555092	30.44554531404802		0.0	4.168250036239624	4.159400010108948	Y	Y	상승전환/양호	BOE TECHNOLOGY GROUP	SHZ	CNY	Technology	Electronic Components	Electronic Components	BOE Technology Group Company Limited operates display, Internet of Things (IoT) innovation, sensor, and MLED, smart medicine engineering, and other business in Mainland China and internationally. The Display Business segment designs and manufactures display devices, including TFT-LCD, AMOLED, micro displays, and other intelligent interface devices. Its IoT Innovation Business segment designs integrated manufacturing models for system solutions; smart terminal products, such as tablets, laptops, 	195223601152.0	97.0	0.17	10.026166023922677	-8.080747892061046		75564037635.0	112545341525.0	3655021437.0	143558438547.0	134478628806.0	-1.017326958293365	0.24016032744476673	4.557121979392196	36.98427611305811	-8.080747892061046		2.4042447616419365	판정불가	안심(>=2)	0.0	0.0	-100.0	보류	일부부족
002916.SZ	002916.SZ	China / Hong Kong	400.0	65.65890370159913	92.67822169549838		0.0	291.3082473754883	225.5959501647949	Y	Y	상승전환/양호	SHENNAN CIRCUITS CO LTD	SHZ	CNY	Technology	Electronic Components	Electronic Components	Shennan Circuits Co., Ltd. engages in the design, manufacture, and sale of printed circuit boards, packaging substrates, and electronic assemblies in China and internationally. It operates through Packaging Substrates, Packaging Substrates, and Distribution Substrates segments. The company provides RF and microwave, thermal management, miniaturization, and chip package substrate solutions. It also offers schematic design, PCB / SiP design, PCB / SUB production, electronic assembly, package testi	272466640896.0	63.0	5.22	74.46731868482586	25.905809548765156		1588756438.22	2679204686.22	15009670.83	3557910474.95	17149430529.85	-1.600853970239101	0.10703819865094824	0.02675954966273706	76.93502949621438	25.905809548765156	2.969798313053746	1.1555959636454003	매우 불리	보통(1~1.5)	60.0	313.2	-21.70000000000001	보류	충분
601888.SS	601888.SS	China / Hong Kong	56.79999923706055	-41.44329975560769	-36.33000804845115		-41.50360439789422	65.40774984359741	75.57499979019165	N	N	주의	CHINA TOURISM GROUP DUTY FREE C	SHH	CNY	Consumer Cyclical	Specialty Retail	Specialty Retail	China Tourism Group Duty Free Corporation Limited engages in duty-free tourism retail business in China. The company engages in the wholesale and retail of duty-free commodities, such as tobacco, alcohol, cosmetics, watches and jewelry, apparel and bags, and electronic products, as well as food. It is also involved in the investment and development of commercial complexes for duty-free businesses. The company was formerly known as China International Travel Service Corporation Limited and change	118018842624.0	2.29	1.93	-15.957728143438166	-10.667335366687835		33781245387.6	2848679969.93	226682371.28	5029157635.92	55469259598.08	15.842741545586293	2.450990266390758	4.315123766395316	21.22137704221464	-10.667335366687835		-0.39475927269108	판정불가	불리(<1)	0.0	0.0	-100.0	보류	일부부족
601899.SS	601899.SS	China / Hong Kong	31.350000381469727	-20.5927032802242	6.307224906027997		-27.848101654788426	33.44300003051758	31.011100044250487	N	Y	상승전환/양호	ZIJIN MINING GROUP CO.LTD	SHH	CNY	Basic Materials	Gold	Gold	Zijin Mining Group Company Limited, together with its subsidiaries, engages in exploration and extraction of metals in Mainland China and internationally. The company offers copper, gold, zinc concentrate, lead concentrate, silver, lithium, iron concentrate, tungsten concentrate, and molybdenum concentrate; smelted copper, smelted and processed gold and silver, smelted zinc ingots, sulfuric acid, and battery -grade lithium carbonate; and copper pipes, copper plates and strips, potassium gold cya	833618903040.0	1.61	2.27	61.54868816202652	37.21424266296107		85546185108.0	105866683144.0	32353609318.0	164492766171.0	185541965085.0	-0.9863460863776055	2.1574441715319543	6.881799506475192	14.245086549712482	37.21424266296107	0.3827858779426529	2.725448001138658	매우 유망	안심(>=2)	60.0	136.2	334.449755479125	매우 유망	충분
600276.SS	600276.SS	China / Hong Kong	49.43000030517578	-16.078100127963978	-20.402574042292887		-31.792466575735766	54.82925033569336	60.766650161743165	N	N	주의	JIANGSU HENGRUI PHARMACEUTICALS	SHH	CNY	Healthcare	Drug Manufacturers - Specialty & Generic	Drug Manufacturers - Specialty & Generic	Jiangsu Hengrui Pharmaceuticals Co.,Ltd, a pharmaceutical company, researches, develops, manufactures, and commercializes medicines to address unmet clinical needs in China and internationally. The company develops medicines in the areas of oncology, metabolic and cardiovascular, immunological and respiratory, neuroscience, pain management, infectious, respiratory system, hematological, ophthalmology, and autoimmune and other diseases. The company was founded in 1970 and is headquartered in Lian	328076787712.0	40.0	1.22	21.69213188913122	25.443053499049604		41183164773.950005	0.0	1260943473.97	74233076.53	61272068641.41	6.456051119750707	1.2969852479550943	2.6238827431673872	35.22454851264351	25.443053499049604	1.3844465843676852	1.8578819676158362	보통	양호(>=1.5)	59.38610699809921	72.45105053768103	46.57303275414855	보류	충분
600309.SS	600309.SS	China / Hong Kong	76.8499984741211	-13.50590906706114	13.398262182124032		-18.522053941081374	84.64824981689453	74.50169988632202	N	Y	상승전환/양호	WANHUA CHEMICAL GROUP CO LTD	SHH	CNY	Basic Materials	Specialty Chemicals	Specialty Chemicals	Wanhua Chemical Group Co., Ltd., together with its subsidiaries, engages in the research, development, production, and sale of chemical products in China and internationally. It operates through three segments: Polyurethane; Petrochemical; and Fine Chemicals and New Materials. The company offers isocyanates and polyether polyols; olefin derivatives and ethylene; functional chemicals, including specialty isocyanates, specialty amines, and intermediates; and new materials, such as thermoplastic po	240576741376.0	1.6	4.2	-22.494909097316473	-19.136863492027		24533221345.8	51576160956.05	35557147552.13	104824578073.8	94625896066.69	-8.638615148479868	-1.8453096803407985	-2.401183756642752	20.35443181490499	-19.136863492027		-0.86157470036502	판정불가	불리(<1)	0.0	0.0	-100.0	보류	일부부족
000333.SZ	000333.SZ	China / Hong Kong	79.80999755859375	0.15057737923365178	0.4025659874499432		-3.646027050223577	78.7099998474121	76.78	Y	Y	상승전환/양호	MIDEA GROUP CO LTD	SHZ	CNY	Consumer Cyclical	Furnishings, Fixtures & Appliances	Furnishings, Fixtures & Appliances	Midea Group Co., Ltd., together with its subsidiaries, engages in the manufacture and sale of electrical appliance in China and internationally. The company operates in Smart Home System, Building Technology, Robotics and Automation, and Industrial Technology, and Other Innovative Business. It offers smart home products such as household air conditioners, central air conditioners, heating and ventilation systems, kitchen appliances, refrigerators, washing machines, and various small appliances; 	607387975680.0	4.98	5.82	14.033631938895885	14.13920293265296		86668584000.0	15853617000.0	43904550000.0	67480997000.0	223221305000.0	10.17518380365252	6.064168248950634	7.598256402023481	11.9647446314332	14.13920293265296	0.8462106872942545	1.5979616382637964	헐값	양호(>=1.5)	36.77840586530592	214.05032213608047	168.19988558317158	양호	충분
000651.SZ	000651.SZ	China / Hong Kong	38.630001068115234	-0.23243840328126542	-6.123937701870707		-19.771547572323566	38.40849990844727	40.56444997787476	Y	N	주의	GREE ELECTRICAL APP INC OF ZHUH	SHZ	CNY	Consumer Cyclical	Furnishings, Fixtures & Appliances	Furnishings, Fixtures & Appliances	Gree Electric Appliances, Inc. of Zhuhai, together with its subsidiaries, engages in the production and sale of consumer electrical appliances and accessories in China and internationally. It operates through four segments: Consumer Electronics; Industrial Products and Green Energy; Smart Equipment; and Other Businesses. The company offers residential air conditioners; home appliances, including air purifiers, humidifiers, air coolers, electric heaters, fans, kitchen appliances, personal care eq	216382324736.0	7.74	5.22	-9.885068912897898	5.775964923572552		173225902857.01	3134980571.73	67956629538.51	85412520748.09	145929297804.02	30.365756410088988	7.974034689003972	20.64207731949987	1.5831886318057944	5.775964923572552	0.2740994193618752	8.537179115640921	매우 유망	안심(>=2)	20.051929847145104	104.67107380209744	170.95798837161246	매우 유망	충분
002475.SZ	002475.SZ	China / Hong Kong	74.69999694824219	46.0410453955673	29.305861790422227		-6.799756049757544	63.53324995040894	54.99840005874634	Y	Y	상승전환/양호	LUXSHARE PRECISION INDUSTRY CO 	SHZ	CNY	Technology	Electronic Components	Electronic Components	Luxshare Precision Industry Co., Ltd., together with its subsidiaries, engages in the production and sale of connecting cables, connectors, computer peripherals, and plastic and metal products worldwide. The company offers consumer electronics products, including WIFI7 mesh router, bone conduction earphone, TWS headset, smart watch and bracelet; fiber optic router, 5G indoor terminal equipment, 5G wireless network sharer and outdoor router, network surveillance camera, and intelligent doorbell; 	544263143424.0	50.0	2.33	24.197240771511996	21.904518380688963		66843306815.590004	19933820016.55	60137739468.49	96125182545.86	84921103420.87	6.438316717367896	-0.07946873871977947	-0.10638385805402566	29.29685846818639	21.904518380688963	1.337480147201708	2.4543422790116027	보통	안심(>=2)	52.309036761377925	121.88005565401058	63.15938505119123	보류	충분
